# Alternative name, main name
Al Roth,Alvin Roth
Debbie Zuckerman,Debbie Rosenberg
Dick Freeman,Richard Freeman
Dorothy Hayden,Dorothy Hayden Truscott
Dorothy Truscott,Dorothy Hayden Truscott
Edith Kemp,Edith Freilich
Edith Kemp Freilich,Edith Freilich
Edith Seligman,Edith Freilich
Eric Murray,Eric R. Murray
Frank Nickell,Nick Nickell
Gail Shane,Gail Greenberg
Gail Moss,Gail Greenberg
George Rapée,George Rapee
Hjordis Eythorsdottir,Disa Eythorsdottir
Helen Smith,Helen Sobel Smith
Helen White,Helen Sobel Smith
Helen Martin White,Helen Sobel Smith
Janice Seamon,Janice Seamon-Molson
Jan Stansby,Jan Martel
Jenny Ryman,Jenny Wolpert
Jillian Blanchard,Jill Levin
John Crawford,John R. Crawford
Judi Solodar,Judi Radin
Kathie Wei,Kathie Wei-Sender
Kerri Shuman,Kerri Sanborn
Kerri Davis,Kerri Sanborn
Kitty Bethe,Kitty Cooper
Kitty Munson,Kitty Cooper
Kitty Munson-Cooper,Kitty Cooper
Lew Mathe,Lewis L. Mathe
Martin Fleisher,Marty Fleisher
Mary Jane Kauder,Mary Jane Farrell
Nevena Deleva,Nevena Senior
Rich DeMartino,Richard DeMartino
Sabine Zenkel,Sabine Auken
Sami Kehela,Sami R. Kehela
# Errors in ACBL web site,Fix them
F. Ayres Bombeck,F. Ayers Bombeck
Hong Li Wang,Hongli Wang
Krzystof Buras,Krzysztof Buras
Nicolas L' Ecuyer,Nicolas L'Ecuyer
Pierre Zimmerman,Pierre Zimmermann
Pratap Rajadhyksha,Pratap Rajadhyaksha
Sojert Brink,Sjoert Brink
Tobi Deutsch,Tobi Sokolow
Tom Sanders,Thomas K. Sanders
Wen Fei Wang,Wenfei Wang
Wen Wang,Wenfei Wang
Yongmei Zhpu,Yongmei Zhou
